{"meta": {"args": {"-db-root": "/Users/rturner/workspace/bbo_challenge_starter_kit", "--opt-root": "/Users/rturner/workspace/bbo_challenge_starter_kit", "--db": "test_step-0", "--jobs-file": null, "--ravel": false, "--verbose": false, "dry_run": false, "rev": "Valohai-runner", "opt_rev": null}, "signature": {"DT_wine_acc": [-0.38743842364532016, -0.38743842364532016, -0.8741379310344829, -0.38743842364532016, -0.6268472906403941], "DT_wine_nll": [1.0920077176895173, 1.0920077176895173, 0.6312139825872078, 1.0920077176895173, 0.7662455199674583], "SVM_wine_nll": [0.6708413552875176, 0.6703215550174877, 0.6599967445481411, 0.6590863879253205, 0.6575355339130013], "SVM_boston_mse": [30.499793984131003, 29.99078616969417, 31.939414153269503, 32.47305167430328, 30.41843038142099], "SVM_boston_mae": [3.738860805794821, 3.6309566962885995, 3.7771852702322706, 3.7296701089732, 3.8239558417665895], "DT_boston_mse": [31.77138521148994, 52.883280178104336, 39.88203868065034, 40.96483251284063, 46.26804168121184], "SVM_wine_acc": [-0.7679802955665025, -0.7960591133004926, -0.7682266009852217, -0.7751231527093596, -0.7751231527093596], "DT_boston_mae": [4.106061204632782, 5.524979115751392, 4.652112690008266, 4.577256847862574, 5.310081822443859]}},
"data": {"coords": {"iter": {"dims": ["iter"], "attrs": {}, "data": [0, 1, 2, 3, 4, 5, 6, 7, 8, 9, 10, 11, 12, 13, 14]}, "function": {"dims": ["function"], "attrs": {}, "data": ["DT_boston_mae", "DT_boston_mse", "DT_wine_acc", "DT_wine_nll", "SVM_boston_mae", "SVM_boston_mse", "SVM_wine_acc", "SVM_wine_nll"]}, "objective": {"dims": ["objective"], "attrs": {}, "data": ["_visible_to_opt", "generalization"]}}, "attrs": {}, "dims": {"function": 8, "iter": 15, "objective": 2}, "data_vars": {"median": {"dims": ["iter", "function", "objective"], "attrs": {}, "data": [[[5.059015044209387, 4.9033553847070745], [50.293227305256345, 63.98890111983497], [-0.5682266009852217, -0.4444444444444444], [1.0213538974823344, 1.0714764039844773], [3.834926937628423, 4.242234753137122], [30.50330380076631, 44.68128581884412], [-0.7746305418719213, -0.8333333333333334], [0.658195577151171, 0.5417283704474839]], [[4.666805639552161, 4.72593603834013], [40.96483251284062, 52.410634297033575], [-0.605665024630542, -0.6388888888888888], [0.7583012738702928, 0.892709348938705], [3.7730859280060782, 3.9648274323905746], [29.691722962425956, 37.523978316923476], [-0.7822660098522167, -0.8611111111111112], [0.6492157806572255, 0.5234671752891411]], [[4.6173717748689755, 4.5152094171001735], [39.23823060796372, 52.41063429703357], [-0.6197044334975369, -0.6388888888888888], [0.7532727259077905, 0.892709348938705], [3.7260167172431595, 3.909943846206172], [29.663089120547518, 37.06690942739956], [-0.7822660098522167, -0.8611111111111112], [0.638810542584171, 0.5144930030884115]], [[4.082370027168606, 4.373652977243712], [25.423270350527986, 49.8188426850029], [-0.626600985221675, -0.6388888888888888], [0.7240961289587977, 0.7744058970184334], [3.7103665265401715, 3.686567182252729], [28.88658308752353, 36.30737324085496], [-0.7894088669950738, -0.8888888888888888], [0.6385328137185979, 0.4692087458359108]], [[3.643653649774784, 3.991913339100039], [19.99864241353857, 31.915135965865638], [-0.6337438423645321, -0.8055555555555556], [0.6717854098512729, 0.6579829390835693], [3.6172646453166424, 3.676427045526804], [28.586381021615647, 35.61147212043468], [-0.7960591133004926, -0.8888888888888888], [0.6291471678557155, 0.44018363392633736]], [[3.643653649774784, 3.991913339100039], [19.99864241353857, 31.915135965865638], [-0.6337438423645321, -0.8055555555555556], [0.6717854098512729, 0.6579829390835693], [3.6172646453166424, 3.676427045526804], [28.586381021615647, 35.61147212043468], [-0.7960591133004926, -0.8888888888888888], [0.6291471678557155, 0.44018363392633736]], [[3.643653649774784, 3.991913339100039], [19.99864241353857, 31.915135965865638], [-0.6337438423645321, -0.8055555555555556], [0.6717854098512729, 0.6579829390835693], [3.6172646453166424, 3.676427045526804], [28.586381021615647, 35.61147212043468], [-0.7960591133004926, -0.8888888888888888], [0.6291471678557155, 0.44018363392633736]], [[3.643653649774784, 3.991913339100039], [19.99864241353857, 31.915135965865638], [-0.6337438423645321, -0.8055555555555556], [0.6717854098512729, 0.6579829390835693], [3.6172646453166424, 3.676427045526804], [28.586381021615647, 35.61147212043468], [-0.7960591133004926, -0.8888888888888888], [0.6291471678557155, 0.44018363392633736]], [[3.643653649774784, 3.991913339100039], [19.99864241353857, 31.915135965865638], [-0.6337438423645321, -0.8055555555555556], [0.6717854098512729, 0.6579829390835693], [3.6172646453166424, 3.676427045526804], [28.586381021615647, 35.61147212043468], [-0.7960591133004926, -0.8888888888888888], [0.6291471678557155, 0.44018363392633736]], [[3.643653649774784, 3.991913339100039], [19.99864241353857, 31.915135965865638], [-0.6337438423645321, -0.8055555555555556], [0.6717854098512729, 0.6579829390835693], [3.6172646453166424, 3.676427045526804], [28.586381021615647, 35.61147212043468], [-0.7960591133004926, -0.8888888888888888], [0.6291471678557155, 0.44018363392633736]], [[3.026876605298032, 3.5395079489424326], [19.349228189565594, 30.272366626451895], [-0.8731527093596059, -0.8888888888888888], [0.4184592974875219, 0.33265139497072993], [3.6136457905886488, 3.6368568997062023], [28.57143883269119, 35.06228627097031], [-0.7963054187192118, -0.8888888888888888], [0.6194160668563062, 0.4073750927733244]], [[3.026876605298032, 3.5395079489424326], [19.349228189565594, 30.272366626451895], [-0.8731527093596059, -0.8888888888888888], [0.4184592974875219, 0.33265139497072993], [3.6136457905886488, 3.6368568997062023], [28.57143883269119, 35.06228627097031], [-0.7963054187192118, -0.8888888888888888], [0.6194160668563062, 0.4073750927733244]], [[3.026876605298032, 3.5395079489424326], [19.349228189565594, 30.272366626451895], [-0.8731527093596059, -0.8888888888888888], [0.4184592974875219, 0.33265139497072993], [3.6136457905886488, 3.6368568997062023], [28.57143883269119, 35.06228627097031], [-0.7963054187192118, -0.8888888888888888], [0.6194160668563062, 0.4073750927733244]], [[3.026876605298032, 3.5395079489424326], [19.349228189565594, 30.272366626451895], [-0.8731527093596059, -0.8888888888888888], [0.4184592974875219, 0.33265139497072993], [3.6136457905886488, 3.6368568997062023], [28.57143883269119, 35.06228627097031], [-0.7963054187192118, -0.8888888888888888], [0.6194160668563062, 0.4073750927733244]], [[3.026876605298032, 3.5395079489424326], [19.349228189565594, 30.272366626451895], [-0.8731527093596059, -0.8888888888888888], [0.4184592974875219, 0.33265139497072993], [3.6136457905886488, 3.6368568997062023], [28.57143883269119, 35.06228627097031], [-0.7963054187192118, -0.8888888888888888], [0.6194160668563062, 0.4073750927733244]]]}, "mean": {"dims": ["iter", "function", "objective"], "attrs": {},